id,email,role
1,angela.martin@lynch-miller.com,end-user
2,melissa.collier@peters-thompson.biz,end-user
3,tina.jackson@gray-smith.com,end-user
4,peggy.erickson@williams.com,end-user
5,amanda.young@harrington.com,end-user
6,elizabeth.patterson@serrano.org,end-user
7,margaret.patterson@vega-howard.org,end-user
8,herbert.thompson@serrano.org,end-user
9,isaac.padilla@casey-wilson.org,end-user
10,kimberly.stevens@williams.com,end-user
11,lance.foster@ellis-smith.org,end-user
12,allison.robinson@morales-townsend.org,end-user
13,lisa.bailey@smith.org,end-user
14,mary.lopez@harper.com,end-user
15,karen.sandoval@horne.biz,end-user
16,marissa.schneider@williams.com,end-user
17,mary.martinez@williams.com,end-user
18,yvonne.taylor@clark.com,end-user
19,shawn.jones@harper.com,end-user
20,sharon.rush@smith.org,end-user
21,elizabeth.ortiz@vega-howard.org,end-user
22,mary.martinez@horne.biz,end-user
23,william.ramirez@perez-brown.com,end-user
24,ashley.mccarthy@lynch-miller.com,end-user
25,monica.anderson@smith.org,end-user
26,rachel.jackson@harper.com,end-user
27,elizabeth.banks@walker.com,end-user
28,stephanie.brooks@smith.org,end-user
29,joseph.ford@williams.com,end-user
30,briana.moreno@smith.org,end-user
31,cheryl.smith@mason.com,end-user
32,dawn.duran@williams.com,end-user
33,brian.wallace@mason.com,end-user
34,logan.andrews@harper.com,end-user
35,matthew.paul@morales-townsend.org,end-user
36,victoria.randolph@khan.biz,end-user
37,jonathan.nguyen@perez-brown.com,end-user
38,james.garcia@morales-townsend.org,end-user
39,carl.smith@mason.com,end-user
40,thomas.smith@perez-brown.com,end-user
41,michelle.diaz@lynch-miller.com,end-user
42,matthew.wells@harrington.com,end-user
43,garrett.lamb@ellis-smith.org,end-user
44,kylie.green@vega-howard.org,end-user
45,paul.rice@walker.com,end-user
46,brittney.drake@harrington.com,end-user
47,margaret.rodriguez@williams.com,end-user
48,drew.hughes@mason.com,end-user
49,tiffany.kelly@williams.com,end-user
50,jessica.ross@williams.com,end-user
51,gabriel.leach@harrington.com,end-user
52,bryan.harvey@casey-wilson.org,end-user
53,brandon.chen@harrington.com,end-user
54,terrance.carroll@williams.com,end-user
55,ann.lee@williams.com,end-user
56,roy.chan@peters-thompson.biz,end-user
57,katelyn.lewis@perez-brown.com,end-user
58,paul.harrington@horne.biz,end-user
59,henry.wilkinson@harrington.com,end-user
60,colin.chen@smith.org,end-user
61,gabriella.ray@williams.com,end-user
62,erica.smith@anderson-hunter.com,end-user
63,michelle.thornton@vega-howard.org,end-user
64,brianna.howard@gray-smith.com,end-user
65,jason.wilson@gray-smith.com,end-user
66,sarah.wallace@williams.com,end-user
67,thomas.johnson@williams.com,end-user
68,robert.garcia@mason.com,end-user
69,morgan.bishop@horne.biz,end-user
70,richard.kennedy@smith.org,end-user
71,catherine.graham@williams.com,end-user
72,samuel.hull@walker.com,end-user
73,amanda.perry@clark.com,end-user
74,daniel.bradley@serrano.org,end-user
75,barbara.hoover@walker.com,end-user
76,jacob.brown@walker.com,end-user
77,robert.wright@perez-brown.com,end-user
78,nicholas.black@horne.biz,end-user
79,lisa.wilson@williams.com,end-user
80,donna.hall@mason.com,end-user
81,bianca.arnold@harper.com,end-user
82,daniel.pena@smith.org,end-user
83,anna.smith@horne.biz,end-user
84,tasha.butler@harper.com,end-user
85,timothy.hall@serrano.org,end-user
86,amber.cook@lynch-miller.com,end-user
87,eric.townsend@anderson-hunter.com,end-user
88,nicole.price@horne.biz,end-user
89,monica.lawrence@clark.com,end-user
90,brian.evans@williams.com,end-user
91,kathy.mason@perez-brown.com,end-user
92,daniel.fowler@peters-thompson.biz,end-user
93,leah.ramirez@vega-howard.org,end-user
94,bryan.grant@anderson-hunter.com,end-user
95,julie.maldonado@peters-thompson.biz,end-user
96,janet.mcguire@serrano.org,end-user
97,carl.barajas@harrington.com,end-user
98,brianna.lee@perez-brown.com,end-user
99,kimberly.edwards@clark.com,end-user
100,joseph.drake@serrano.org,end-user
6056,Patrick.Montoya@hasura.io,agent
7774,Adam.Davis@hasura.io,agent
7840,Maria.Guzman@hasura.io,agent
8907,Lindsay.Thornton@hasura.io,agent
7955,Clinton.Hood@hasura.io,agent
1454,Robert.Hart@hasura.io,agent
1754,Richard.Richardson@hasura.io,agent
7913,Melissa.Kelley@hasura.io,agent
8315,Mathew.Hogan@hasura.io,agent
9554,Beverly.Garcia@hasura.io,agent
15146,Krystal.Gregory@hasura.io,admin
12281,Jaclyn.Maxwell@hasura.io,admin
15487,James.Morgan@hasura.io,admin
